radius_mean,texture_mean,perimeter_mean,area_mean,smoothness_mean,compactness_mean,concavity_mean,concave points_mean,symmetry_mean,fractal_dimension_mean,radius_se,texture_se,perimeter_se,area_se,smoothness_se,compactness_se,concavity_se,concave points_se,symmetry_se,fractal_dimension_se,radius_worst,texture_worst,perimeter_worst,area_worst,smoothness_worst,compactness_worst,concavity_worst,concave points_worst,symmetry_worst,fractal_dimension_worst
97.87730874214867,102.81257395793665,107.74783917372463,112.68310438951261,117.61836960530059,122.55363482108856,127.48890003687653,132.42416525266452,137.3594304684525,142.29469568424048,147.22996090002846,152.1652261158164,157.1004913316044,162.03575654739237,166.97102176318035,171.90628697896832,176.8415521947563,181.77681741054428,186.71208262633226,191.64734784212024,196.58261305790822,201.51787827369617,206.45314348948415,211.38840870527213,216.3236739210601,221.25893913684808,226.19420435263606,231.12946956842404,236.06473478421202,241.0
